final,ret_pct,mdd_pct,trades,reached,reach_date,reach_days,ticker,entry,exit,name
8138537.312539019,713.8537312539019,-20.402436052281917,9,True,2024-09-20,50,019490,1|MA_cross,SL10+TR8,엑시큐어하이트론
7482497.440718225,648.2497440718225,-15.723665879991788,7,True,2024-09-20,50,019490,1|MA_cross,TR12,엑시큐어하이트론
6530090.506136464,553.0090506136464,-11.129853479853484,4,True,2024-09-20,50,019490,1|Boll_breakout,SL10+TR8,엑시큐어하이트론
6322186.796769958,532.2186796769957,-10.866910866910867,3,True,2024-09-20,50,019490,1|Boll_breakout,TR12,엑시큐어하이트론
4359255.239618983,335.92552396189836,-25.55975731069216,3,True,2024-09-20,50,019490,1|Boll_breakout,SL10+<SMA20,엑시큐어하이트론
3924537.0241613216,292.45370241613216,-28.390555962071485,8,True,2024-09-20,50,019490,1|MACD_gc,SL10+TR8,엑시큐어하이트론
3179747.8155042967,217.9747815504297,-40.47715662730689,8,True,2024-09-20,50,019490,1|MACD_gc,TR12,엑시큐어하이트론
5268635.795662333,426.8635795662333,-20.75666118170203,6,True,2024-11-19,110,019490,1|MA_cross,SL10+TR8,엑시큐어하이트론
4787038.968504888,378.7038968504888,-26.8947076402863,5,True,2024-11-19,110,019490,1|MA_cross,TR12,엑시큐어하이트론
5606703.166702229,460.67031667022286,-42.461644416425415,31,True,2024-12-13,134,065500,1|Momentum,TP20+SL8,오리엔트정공
5583741.126724881,458.3741126724881,-44.32001159602798,32,True,2024-12-13,134,065500,1|Momentum,SL10+<SMA20,오리엔트정공
5403398.099120788,440.3398099120788,-43.39845433491191,40,True,2024-12-13,134,065500,1|Momentum,TP15+SL6+HOLD15,오리엔트정공
5268312.832576872,426.83128325768723,-48.53239339391798,16,True,2024-12-13,134,065500,1|Momentum,TP30+SL10,오리엔트정공
5164898.483874844,416.4898483874844,-45.89677976195121,51,True,2024-12-13,134,065500,1|Momentum,SL10+TR8,오리엔트정공
4984354.684311862,398.4354684311862,-21.74105429114776,4,True,2024-12-13,134,065500,1|Breakout,TR12,오리엔트정공
4984354.684311862,398.4354684311862,-21.74105429114776,4,True,2024-12-13,134,065500,1|Breakout,TR12,오리엔트정공
4933497.769018665,393.34977690186645,-50.60180437481166,32,True,2024-12-13,134,065500,1|Momentum,TR12,오리엔트정공
4589847.31073916,358.98473107391595,-23.670325796847056,5,True,2024-12-13,134,065500,1|Breakout,TR12,오리엔트정공
4589847.31073916,358.98473107391595,-23.670325796847056,5,True,2024-12-13,134,065500,2|Breakout&Momentum,TR12,오리엔트정공
4293367.708063811,329.3367708063811,-26.344521685786106,12,True,2024-12-13,134,065500,1|Breakout,TP20+SL8,오리엔트정공
4293367.708063811,329.3367708063811,-26.344521685786106,12,True,2024-12-13,134,065500,2|Breakout&Momentum,TP20+SL8,오리엔트정공
3963293.5694407634,296.3293569440764,-12.944141791044784,1,True,2024-12-13,134,065500,2|MA_cross&Breakout,TR12,오리엔트정공
3963293.5694407634,296.3293569440764,-12.944141791044784,1,True,2024-12-13,134,065500,2|MA_cross&Breakout,SL10+TR8,오리엔트정공
3963293.5694407634,296.3293569440764,-12.944141791044784,1,True,2024-12-13,134,065500,2|MA_cross&MACD_gc,TR12,오리엔트정공
3963293.5694407634,296.3293569440764,-12.944141791044784,1,True,2024-12-13,134,065500,2|MA_cross&MACD_gc,SL10+TR8,오리엔트정공
3963293.5694407634,296.3293569440764,-12.944141791044784,1,True,2024-12-13,134,065500,2|MA_cross&Boll_breakout,TR12,오리엔트정공
3963293.5694407634,296.3293569440764,-12.944141791044784,1,True,2024-12-13,134,065500,2|MA_cross&Boll_breakout,SL10+TR8,오리엔트정공
3963293.5694407634,296.3293569440764,-12.944141791044784,1,True,2024-12-13,134,065500,2|MA_cross&Momentum,TR12,오리엔트정공
3963293.5694407634,296.3293569440764,-12.944141791044784,1,True,2024-12-13,134,065500,2|MA_cross&Momentum,SL10+TR8,오리엔트정공
3963293.5694407634,296.3293569440764,-12.944141791044784,1,True,2024-12-13,134,065500,2|Breakout&MACD_gc,TR12,오리엔트정공
3963293.5694407634,296.3293569440764,-12.944141791044784,1,True,2024-12-13,134,065500,2|Breakout&MACD_gc,SL10+TR8,오리엔트정공
3963293.5694407634,296.3293569440764,-12.944141791044784,1,True,2024-12-13,134,065500,2|MACD_gc&Boll_breakout,TR12,오리엔트정공
3963293.5694407634,296.3293569440764,-12.944141791044784,1,True,2024-12-13,134,065500,2|MACD_gc&Boll_breakout,SL10+TR8,오리엔트정공
3963293.5694407634,296.3293569440764,-12.944141791044784,1,True,2024-12-13,134,065500,2|MACD_gc&Momentum,TR12,오리엔트정공
3963293.5694407634,296.3293569440764,-12.944141791044784,1,True,2024-12-13,134,065500,2|MACD_gc&Momentum,SL10+TR8,오리엔트정공
3856838.3249377343,285.6838324937734,-28.537068441150147,5,True,2024-12-13,134,065500,1|Breakout,SL10+TR8,오리엔트정공
3856838.3249377343,285.6838324937734,-28.537068441150147,5,True,2024-12-13,134,065500,1|Breakout,SL10+TR8,오리엔트정공
3847303.530602636,284.73035306026355,-26.344521685786116,12,True,2024-12-13,134,065500,1|Breakout,TP20+SL8,오리엔트정공
3847303.530602636,284.73035306026355,-26.344521685786116,12,True,2024-12-13,134,065500,1|Breakout,TP15+SL6+HOLD15,오리엔트정공
3847303.530602636,284.73035306026355,-26.344521685786116,12,True,2024-12-13,134,065500,1|Breakout,TP20+SL8,오리엔트정공
3847303.530602636,284.73035306026355,-26.344521685786116,12,True,2024-12-13,134,065500,1|Breakout,TP15+SL6+HOLD15,오리엔트정공
3752359.432212886,275.2359432212886,-30.472946310819673,5,True,2024-12-13,134,065500,2|Breakout&Boll_breakout,SL10+TR8,오리엔트정공
3752359.432212886,275.2359432212886,-30.472946310819673,5,True,2024-12-13,134,065500,2|Boll_breakout&Momentum,SL10+TR8,오리엔트정공
3739723.16295949,273.972316295949,-25.671641791044774,1,True,2024-12-13,134,065500,2|MA_cross&Breakout,SL10+<SMA20,오리엔트정공
3739723.16295949,273.972316295949,-25.671641791044774,1,True,2024-12-13,134,065500,2|MA_cross&MACD_gc,SL10+<SMA20,오리엔트정공
3739723.16295949,273.972316295949,-25.671641791044774,1,True,2024-12-13,134,065500,2|MA_cross&Boll_breakout,SL10+<SMA20,오리엔트정공
3739723.16295949,273.972316295949,-25.671641791044774,1,True,2024-12-13,134,065500,2|MA_cross&Momentum,SL10+<SMA20,오리엔트정공
3739723.16295949,273.972316295949,-25.671641791044774,1,True,2024-12-13,134,065500,2|Breakout&MACD_gc,SL10+<SMA20,오리엔트정공
3739723.16295949,273.972316295949,-25.671641791044774,1,True,2024-12-13,134,065500,2|MACD_gc&Boll_breakout,SL10+<SMA20,오리엔트정공
3739723.16295949,273.972316295949,-25.671641791044774,1,True,2024-12-13,134,065500,2|MACD_gc&Momentum,SL10+<SMA20,오리엔트정공
3666164.3457148876,266.61643457148875,-32.070045553297014,5,True,2024-12-13,134,065500,2|Breakout&Boll_breakout,TR12,오리엔트정공
3666164.3457148876,266.61643457148875,-32.070045553297014,5,True,2024-12-13,134,065500,2|Boll_breakout&Momentum,TR12,오리엔트정공
3635073.8287889585,263.50738287889584,-32.64611830927461,6,True,2024-12-13,134,065500,1|Breakout,SL10+TR8,오리엔트정공
3635073.8287889585,263.50738287889584,-32.64611830927461,6,True,2024-12-13,134,065500,2|Breakout&Momentum,SL10+TR8,오리엔트정공
3542792.7749832077,254.27927749832077,-26.34452168578611,13,True,2024-12-13,134,065500,1|Breakout,TP15+SL6+HOLD15,오리엔트정공
3542792.7749832077,254.27927749832077,-26.34452168578611,13,True,2024-12-13,134,065500,2|Breakout&Momentum,TP15+SL6+HOLD15,오리엔트정공
3328332.9150165683,232.83329150165684,-22.586605497842317,3,True,2024-12-13,134,065500,1|MACD_gc,TR12,오리엔트정공
3317682.321198533,231.76823211985328,-20.032640697870058,4,True,2024-12-13,134,065500,1|MACD_gc,SL10+TR8,오리엔트정공
3201972.193319428,220.19721933194276,-43.41781678841221,4,True,2024-12-13,134,065500,1|Breakout,SL10+<SMA20,오리엔트정공
3201972.193319428,220.19721933194276,-43.41781678841221,4,True,2024-12-13,134,065500,2|Breakout&Boll_breakout,SL10+<SMA20,오리엔트정공
3201972.193319428,220.19721933194276,-43.41781678841221,4,True,2024-12-13,134,065500,2|Breakout&Momentum,SL10+<SMA20,오리엔트정공
3201972.193319428,220.19721933194276,-43.41781678841221,4,True,2024-12-13,134,065500,2|Boll_breakout&Momentum,SL10+<SMA20,오리엔트정공
2943487.962106438,194.34879621064377,-40.0528711929808,8,True,2024-12-13,134,065500,1|Breakout,TP30+SL10,오리엔트정공
2943487.962106438,194.34879621064377,-40.0528711929808,8,True,2024-12-13,134,065500,2|Breakout&Momentum,TP30+SL10,오리엔트정공
2869299.7576498776,186.92997576498777,-43.4178167884122,4,True,2024-12-13,134,065500,1|Breakout,SL10+<SMA20,오리엔트정공
2869299.7576498776,186.92997576498777,-43.4178167884122,4,True,2024-12-13,134,065500,1|Breakout,SL10+<SMA20,오리엔트정공
2802525.470414651,180.2525470414651,-40.51932565059654,8,True,2024-12-13,134,065500,1|Breakout,TP30+SL10,오리엔트정공
2802525.470414651,180.2525470414651,-40.51932565059654,8,True,2024-12-13,134,065500,1|Breakout,TP30+SL10,오리엔트정공
4005093.2695675604,300.50932695675607,-37.796803561246165,7,True,2025-01-02,154,065500,1|Momentum,SL10+<SMA20,오리엔트정공
3771621.8405132513,277.1621840513251,-38.968914113500745,21,True,2025-01-02,154,065500,1|Momentum,TR12,오리엔트정공
3555709.415447941,255.57094154479412,-40.29787144152,36,True,2025-01-02,154,065500,1|Momentum,SL10+TR8,오리엔트정공
3226737.036698895,222.6737036698895,-37.69286331298294,13,True,2025-01-02,154,065500,1|Momentum,TP30+SL10,오리엔트정공
3167993.7013602913,216.79937013602913,-25.671641791044774,4,True,2025-01-02,154,065500,1|MACD_gc,SL10+<SMA20,오리엔트정공
2243466.0783743183,124.34660783743183,-61.44598728316579,5,True,2025-01-03,155,062970,1|MA_cross,SL10+<SMA20,한국첨단소재
3542324.4365902436,254.23244365902437,-14.234546424759861,6,True,2025-01-07,159,062970,1|Breakout,TP20+SL8,한국첨단소재
3542324.4365902436,254.23244365902437,-14.234546424759861,6,True,2025-01-07,159,062970,1|Breakout,TP15+SL6+HOLD15,한국첨단소재
3303319.537067332,230.3319537067332,-20.02124495597019,7,True,2025-01-07,159,062970,2|Breakout&Momentum,TP15+SL6+HOLD15,한국첨단소재
3233832.23288954,223.383223288954,-21.703645952042017,7,True,2025-01-07,159,062970,2|Breakout&Momentum,TP20+SL8,한국첨단소재
2856893.7609389843,185.68937609389843,-52.59621943104919,9,True,2025-01-07,159,062970,1|Momentum,SL10+<SMA20,한국첨단소재
2837691.9618444205,183.76919618444205,-52.59621943104919,9,True,2025-01-07,159,062970,1|Momentum,SL10+<SMA20,한국첨단소재
2822651.7727720495,182.26517727720494,-32.21762540021346,4,True,2025-01-07,159,062970,1|Breakout,TP30+SL10,한국첨단소재
2470353.32054903,147.03533205490297,-40.67762244620195,5,True,2025-01-07,159,062970,2|Breakout&Momentum,TP30+SL10,한국첨단소재
2386577.282798947,138.65772827989468,-52.790359814825194,9,True,2025-01-07,159,062970,1|Momentum,TP30+SL10,한국첨단소재
2370536.5821839916,137.05365821839916,-52.790359814825194,9,True,2025-01-07,159,062970,1|Momentum,TP30+SL10,한국첨단소재
2000781.1888786887,100.07811888786887,-52.54169690501601,1,True,2025-01-07,159,062970,1|Breakout,SL10+<SMA20,한국첨단소재
1833555.3026741454,83.35553026741454,-59.02312607728497,3,True,2025-01-07,159,062970,1|Boll_breakout,SL10+<SMA20,한국첨단소재
1833555.3026741454,83.35553026741454,-59.02312607728497,3,True,2025-01-07,159,062970,1|Boll_breakout,SL10+<SMA20,한국첨단소재
1798617.8558382827,79.86178558382828,-60.87616353302542,6,True,2025-01-07,159,062970,1|MA_cross,SL10+<SMA20,한국첨단소재
1760595.2699716836,76.05952699716836,-58.23887968641962,2,True,2025-01-07,159,062970,1|MA_cross,SL10+<SMA20,한국첨단소재
1751061.360567505,75.1061360567505,-58.465022937215174,2,True,2025-01-07,159,062970,2|Breakout&Momentum,SL10+<SMA20,한국첨단소재
1751061.360567505,75.1061360567505,-58.465022937215174,2,True,2025-01-07,159,062970,2|Boll_breakout&Momentum,SL10+<SMA20,한국첨단소재
3414372.3372062296,241.43723372062294,-27.28224786173792,14,True,2025-02-03,186,160190,1|RSI_dip,SL10+<SMA20,하이젠알앤엠
2376090.69992364,137.609069992364,-40.77268425883133,7,True,2025-02-04,187,160190,1|MA_cross,SL10+<SMA20,하이젠알앤엠
6292549.934633136,529.2549934633136,-18.273706963614895,4,True,2025-02-11,194,082270,1|MACD_gc,TR12,젬백스
4966868.670249364,396.6868670249364,-19.213089642194035,4,True,2025-02-17,200,082270,1|MA_cross,TR12,젬백스
3915882.823415863,291.5882823415863,-24.27956443912906,4,True,2025-02-24,207,082270,1|MA_cross,TR12,젬백스
6019182.827933669,501.91828279336687,-16.513252330969333,4,True,2025-03-05,216,082270,1|Boll_breakout,TR12,젬백스
5415483.655589188,441.5483655589188,-16.513252330969333,4,True,2025-03-07,218,082270,1|Breakout,TR12,젬백스
5415483.655589188,441.5483655589188,-16.513252330969333,4,True,2025-03-07,218,082270,1|Boll_breakout,TR12,젬백스
3627428.872224145,262.7428872224145,-32.54408133971292,4,True,2025-03-10,221,065500,1|MA_cross,SL10+<SMA20,오리엔트정공
3710214.233133143,271.02142331331424,-37.70365875128404,25,True,2025-03-14,225,065500,1|Momentum,TP20+SL8,오리엔트정공
3679886.38075995,267.988638075995,-37.95879105197207,27,True,2025-03-14,225,065500,1|Momentum,TP15+SL6+HOLD15,오리엔트정공
4139792.654174895,313.97926541748944,-42.46164441642544,33,True,2025-03-17,228,065500,1|Momentum,TP20+SL8,오리엔트정공
4122838.2905146913,312.2838290514691,-44.32001159602799,34,True,2025-03-17,228,065500,1|Momentum,SL10+<SMA20,오리엔트정공
4045122.137483121,304.5122137483121,-32.62157814936258,5,True,2025-03-17,228,065500,1|Momentum,SL10+<SMA20,오리엔트정공
3989679.3344028373,298.96793344028373,-43.39845433491193,42,True,2025-03-17,228,065500,1|Momentum,TP15+SL6+HOLD15,오리엔트정공
3889937.1191475433,288.99371191475433,-48.53239339391799,18,True,2025-03-17,228,065500,1|Momentum,TP30+SL10,오리엔트정공
3813579.597023761,281.3579597023761,-45.896779761951215,53,True,2025-03-17,228,065500,1|Momentum,SL10+TR8,오리엔트정공
3642721.4383073146,264.27214383073147,-50.60180437481164,34,True,2025-03-17,228,065500,1|Momentum,TR12,오리엔트정공
3591246.920558887,259.1246920558887,-33.44602970808677,34,True,2025-03-17,228,065500,1|Momentum,SL10+TR8,오리엔트정공
3305056.6426702808,230.5056642670281,-38.968914113500766,20,True,2025-03-17,228,065500,1|Momentum,TR12,오리엔트정공
3264615.5188523117,226.4615518852312,-37.703658751284024,23,True,2025-03-17,228,065500,1|Momentum,TP20+SL8,오리엔트정공
3237930.0577738583,223.79300577738582,-37.95879105197208,25,True,2025-03-17,228,065500,1|Momentum,TP15+SL6+HOLD15,오리엔트정공
2944158.4092433257,194.41584092433257,-43.41781678841222,6,True,2025-03-17,228,065500,1|Boll_breakout,SL10+<SMA20,오리엔트정공
2934777.201949807,193.47772019498072,-32.544081339712925,4,True,2025-03-17,228,065500,1|MA_cross,SL10+<SMA20,오리엔트정공
2862603.5467669237,186.26035467669237,-38.094844839995936,9,True,2025-04-02,244,065500,1|Momentum,TP30+SL10,오리엔트정공
8782584.832231626,778.2584832231626,-38.97852941793503,6,True,2025-05-08,280,214610,1|MA_cross,SL10+<SMA20,더바이오메드
7792496.16216347,679.249616216347,-24.227299995048256,6,True,2025-05-08,280,214610,1|MA_cross,TP15+SL6+HOLD15,더바이오메드
7535150.906303468,653.5150906303469,-27.81622849031718,6,True,2025-05-08,280,214610,1|MA_cross,TP20+SL8,더바이오메드
7358314.809723201,635.8314809723202,-27.015736062290372,6,True,2025-05-08,280,214610,1|MA_cross,TR12,더바이오메드
6828123.415391394,582.8123415391394,-23.78791743832907,6,True,2025-05-08,280,214610,1|MA_cross,SL10+TR8,더바이오메드
6823510.84342311,582.3510843423111,-26.990966658244332,7,True,2025-05-08,280,214610,1|MA_cross,SL10+TR8,더바이오메드
5484884.201195904,448.48842011959044,-48.023662976497036,7,True,2025-05-08,280,214610,1|MA_cross,SL10+<SMA20,더바이오메드
5373251.731631717,437.32517316317166,-48.67821647877165,5,True,2025-05-08,280,214610,1|MA_cross,TP30+SL10,더바이오메드
5285944.890162526,428.59448901625257,-39.67184177034498,7,True,2025-05-08,280,214610,1|MA_cross,TP15+SL6+HOLD15,더바이오메드
4829635.850409429,382.96358504094286,-42.18120036223741,7,True,2025-05-08,280,214610,1|MA_cross,TR12,더바이오메드
4244139.856875447,324.41398568754465,-49.39948212378995,7,True,2025-05-08,280,214610,1|MA_cross,TP20+SL8,더바이오메드
3727283.664307873,272.72836643078733,-55.56167090488714,7,True,2025-05-08,280,214610,1|MA_cross,TP30+SL10,더바이오메드
4292232.843224161,329.2232843224161,-15.508547448012958,5,True,2025-05-13,285,119850,1|MA_cross,SL10+<SMA20,지엔씨에너지
4865936.482045565,386.5936482045565,-11.129853479853487,3,True,2025-05-14,286,019490,1|Boll_breakout,SL10+TR8,엑시큐어하이트론
4711015.77410003,371.101577410003,-10.866910866910866,2,True,2025-05-14,286,019490,1|Boll_breakout,TR12,엑시큐어하이트론
4289811.919817528,328.98119198175283,-13.263941435410171,4,True,2025-05-14,286,019490,1|Breakout,SL10+TR8,엑시큐어하이트론
4153233.749916726,315.3233749916726,-16.025426639093492,3,True,2025-05-14,286,019490,1|Breakout,TR12,엑시큐어하이트론
5289549.347188584,428.9549347188584,-24.53229469349854,12,True,2025-05-15,287,419530,1|Momentum,TP20+SL8,SAMG엔터
5267079.147859528,426.7079147859528,-25.77239462577538,8,True,2025-05-15,287,419530,1|Momentum,TP30+SL10,SAMG엔터
5129242.558977487,412.9242558977486,-26.076390965754314,6,True,2025-05-15,287,419530,1|Momentum,TR12,SAMG엔터
4836398.4301767,383.63984301767005,-24.67684032502308,7,True,2025-05-15,287,419530,1|Momentum,TP30+SL10,SAMG엔터
4836398.430176699,383.6398430176699,-25.59850477925632,7,True,2025-05-15,287,419530,1|Momentum,TR12,SAMG엔터
4759067.609174543,375.9067609174543,-25.59850477925629,7,True,2025-05-15,287,419530,1|Momentum,TR12,SAMG엔터
4759067.609174542,375.90676091745416,-24.676840325023072,7,True,2025-05-15,287,419530,1|Momentum,TP30+SL10,SAMG엔터
4757654.677888524,375.76546778885233,-25.292543226086018,11,True,2025-05-15,287,419530,1|Momentum,TP20+SL8,SAMG엔터
4681582.917549201,368.1582917549202,-25.29254322608605,11,True,2025-05-15,287,419530,1|Momentum,TP20+SL8,SAMG엔터
4647658.806967788,364.7658806967788,-21.4349841772152,6,True,2025-05-15,287,419530,1|Breakout,TP30+SL10,SAMG엔터
4607138.346905281,360.7138346905281,-24.53229469349853,11,True,2025-05-15,287,419530,1|Momentum,TP20+SL8,SAMG엔터
4600283.852474815,360.02838524748154,-24.22194856051742,15,True,2025-05-15,287,419530,1|Momentum,TP15+SL6+HOLD15,SAMG엔터
4568778.847776882,356.8778847776882,-25.772394625775373,8,True,2025-05-15,287,419530,1|Momentum,TP30+SL10,SAMG엔터
4529032.656872695,352.9032656872696,-26.80987166602421,23,True,2025-05-15,287,419530,1|Momentum,SL10+TR8,SAMG엔터
4478760.224450368,347.8760224450369,-28.882498972976233,26,True,2025-05-15,287,419530,1|Momentum,SL10+<SMA20,SAMG엔터
4402084.645657788,340.2084645657788,-28.88249897297623,26,True,2025-05-15,287,419530,1|Momentum,SL10+<SMA20,SAMG엔터
5043308.043644297,404.3308043644297,-16.807325949367083,7,True,2025-05-16,288,419530,1|Momentum,TP30+SL10,SAMG엔터
4661025.43815933,366.10254381593296,-24.985323466051252,16,True,2025-05-16,288,419530,1|Momentum,TP15+SL6+HOLD15,SAMG엔터
4615192.282701273,361.51922827012737,-24.615528720727472,13,True,2025-05-16,288,119850,1|Momentum,TR12,지엔씨에너지
3927395.51323939,292.73955132393905,-26.43063550156134,6,True,2025-05-16,288,083650,1|MA_cross,SL10+<SMA20,비에이치아이
5438421.771805052,443.8421771805052,-14.218749999999996,9,True,2025-05-19,291,419530,1|Momentum,TP20+SL8,SAMG엔터
4611594.887908965,361.15948879089655,-25.59850477925631,7,True,2025-05-19,291,419530,1|Momentum,TR12,SAMG엔터
4611594.887908964,361.15948879089643,-24.676840325023072,7,True,2025-05-19,291,419530,1|Momentum,TP30+SL10,SAMG엔터
4586498.715630464,358.6498715630464,-24.985323466051277,16,True,2025-05-19,291,419530,1|Momentum,TP15+SL6+HOLD15,SAMG엔터
4564447.591930344,356.4447591930343,-24.676840325023083,7,True,2025-05-19,291,419530,1|Momentum,TP30+SL10,SAMG엔터
4564447.591930343,356.44475919303426,-25.59850477925632,7,True,2025-05-19,291,419530,1|Momentum,TR12,SAMG엔터
4536511.271298481,353.65112712984813,-25.292543226086057,11,True,2025-05-19,291,419530,1|Momentum,TP20+SL8,SAMG엔터
4510681.885309383,351.0681885309383,-21.4349841772152,6,True,2025-05-19,291,419530,1|Breakout,TP30+SL10,SAMG엔터
4510681.885309383,351.0681885309383,-21.4349841772152,6,True,2025-05-19,291,419530,2|Breakout&Momentum,TP30+SL10,SAMG엔터
4490131.603349107,349.01316033491076,-25.29254322608605,11,True,2025-05-19,291,419530,1|Momentum,TP20+SL8,SAMG엔터
4474943.372563768,347.4943372563768,-26.80987166602427,22,True,2025-05-19,291,419530,1|Momentum,SL10+TR8,SAMG엔터
4449216.396927837,344.9216396927837,-26.076390965754324,6,True,2025-05-19,291,419530,1|Momentum,TR12,SAMG엔터
4444373.513338492,344.4373513338492,-24.985323466051295,16,True,2025-05-19,291,419530,1|Momentum,TP15+SL6+HOLD15,SAMG엔터
4336275.017571481,333.6275017571481,-26.809871666024215,22,True,2025-05-19,291,419530,1|Momentum,SL10+TR8,SAMG엔터
4265674.017516032,326.5674017516032,-28.88249897297625,26,True,2025-05-19,291,419530,1|Momentum,SL10+<SMA20,SAMG엔터
4226919.393938144,322.6919393938144,-28.88249897297623,26,True,2025-05-19,291,419530,1|Momentum,SL10+<SMA20,SAMG엔터
3292221.7279331735,229.22217279331733,-22.54031403847277,2,True,2025-05-19,291,019490,1|Boll_breakout,SL10+<SMA20,엑시큐어하이트론
3149151.5777005195,214.91515777005196,-26.435278541473274,9,True,2025-05-19,291,019490,1|Breakout,TP20+SL8,엑시큐어하이트론
2905762.5317838015,190.57625317838017,-30.39037109300697,3,True,2025-05-19,291,019490,1|Breakout,SL10+<SMA20,엑시큐어하이트론
4466131.334074241,346.61313340742413,-24.615528720727472,21,True,2025-05-20,292,119850,1|Momentum,TP15+SL6+HOLD15,지엔씨에너지
4370408.471029196,337.04084710291954,-24.454884490429162,10,True,2025-05-20,292,119850,1|Momentum,TP30+SL10,지엔씨에너지
2368010.3196384045,136.80103196384044,-41.99197591083914,6,True,2025-05-20,292,019490,1|Breakout,TP30+SL10,엑시큐어하이트론
4571313.10051954,357.131310051954,-16.807325949367083,2,True,2025-05-26,298,419530,1|Breakout,SL10+<SMA20,SAMG엔터
4157490.3980755126,315.74903980755124,-24.98532346605125,17,True,2025-05-26,298,419530,1|Momentum,TP15+SL6+HOLD15,SAMG엔터
4083719.9889213005,308.3719988921301,-24.841369815673428,18,True,2025-05-26,298,419530,1|Momentum,SL10+TR8,SAMG엔터
4056369.6311442535,305.6369631144253,-26.809871666024186,23,True,2025-05-26,298,419530,1|Momentum,SL10+TR8,SAMG엔터
4720895.469907601,372.08954699076014,-17.98011672654527,3,True,2025-05-28,300,123330,1|Breakout,SL10+<SMA20,제닉
4436586.257940828,343.6586257940828,-16.807325949367105,2,True,2025-05-30,302,419530,1|Breakout,SL10+<SMA20,SAMG엔터
4436586.257940828,343.6586257940828,-16.807325949367105,2,True,2025-05-30,302,419530,2|Breakout&Momentum,SL10+<SMA20,SAMG엔터
4436586.257940828,343.6586257940828,-16.807325949367105,2,True,2025-05-30,302,419530,2|Boll_breakout&Momentum,SL10+<SMA20,SAMG엔터
4398019.169486937,339.8019169486937,-23.640441503553735,3,True,2025-05-30,302,419530,1|Boll_breakout,SL10+<SMA20,SAMG엔터
4398019.169486937,339.8019169486937,-23.640441503553735,3,True,2025-05-30,302,419530,2|MA_cross&Breakout,SL10+<SMA20,SAMG엔터
4398019.169486937,339.8019169486937,-23.640441503553735,3,True,2025-05-30,302,419530,2|MA_cross&Boll_breakout,SL10+<SMA20,SAMG엔터
4398019.169486937,339.8019169486937,-23.640441503553735,3,True,2025-05-30,302,419530,2|Breakout&Boll_breakout,SL10+<SMA20,SAMG엔터
4191914.9894523085,319.1914989452308,-16.807325949367094,13,True,2025-05-30,302,419530,1|Momentum,TP15+SL6+HOLD15,SAMG엔터
4006795.8066504556,300.67958066504553,-24.22194856051742,14,True,2025-05-30,302,419530,1|Momentum,TP15+SL6+HOLD15,SAMG엔터
3934695.128073232,293.46951280732316,-16.210352112676063,11,True,2025-05-30,302,123330,1|Breakout,TP20+SL8,제닉
4509186.406761195,350.9186406761194,-11.104441339581463,9,True,2025-06-02,305,419530,1|Breakout,TP20+SL8,SAMG엔터
4431538.486978719,343.1538486978719,-17.14212954414128,4,True,2025-06-02,305,419530,1|Momentum,TR12,SAMG엔터
4109577.1227175435,310.95771227175436,-17.142129544141277,2,True,2025-06-02,305,419530,1|Momentum,SL10+<SMA20,SAMG엔터
3796744.616170642,279.6744616170642,-24.22194856051742,5,True,2025-06-02,305,419530,1|Momentum,SL10+<SMA20,SAMG엔터
3751787.9982699244,275.1787998269924,-24.221948560517422,4,True,2025-06-02,305,419530,1|Momentum,SL10+<SMA20,SAMG엔터
4376290.577089686,337.6290577089686,-11.104441339581479,9,True,2025-06-04,307,419530,1|Breakout,TP20+SL8,SAMG엔터
4376290.577089686,337.6290577089686,-11.104441339581479,9,True,2025-06-04,307,419530,2|Breakout&Momentum,TP20+SL8,SAMG엔터
3667050.952826053,266.70509528260527,-37.37756291060495,8,True,2025-06-04,307,419530,1|Breakout,TP30+SL10,SAMG엔터
3627171.4014137513,262.7171401413751,-22.98216944754989,3,True,2025-06-04,307,419530,2|MA_cross&Breakout,TR12,SAMG엔터
3627171.4014137513,262.7171401413751,-22.98216944754989,3,True,2025-06-04,307,419530,2|MA_cross&Boll_breakout,TR12,SAMG엔터
3475446.9321705387,247.5446932170539,-13.32868100127495,3,True,2025-06-04,307,419530,2|Boll_breakout&Momentum,TR12,SAMG엔터
3474935.29577775,247.493529577775,-22.98216944754989,4,True,2025-06-04,307,419530,1|Boll_breakout,TR12,SAMG엔터
3474935.29577775,247.493529577775,-22.98216944754989,4,True,2025-06-04,307,419530,2|Breakout&Boll_breakout,TR12,SAMG엔터
3715425.7939758217,271.5425793975822,-17.419754086032825,8,True,2025-06-05,308,053580,1|RSI_dip,TR12,웹케시
4579365.796764379,357.93657967643793,-23.40966921119592,5,True,2025-06-09,312,304100,1|MA_cross,TP30+SL10,솔트룩스
3528615.8564411863,252.86158564411863,-28.225806451612907,6,True,2025-06-09,312,000155,1|Breakout,TP30+SL10,두산우
3528615.8564411863,252.86158564411863,-28.225806451612907,6,True,2025-06-09,312,000155,1|Breakout,TP30+SL10,두산우
3444504.676493021,244.45046764930214,-28.225806451612907,6,True,2025-06-09,312,000155,1|Momentum,TP30+SL10,두산우
4642717.545706564,364.27175457065636,-16.513252330969358,12,True,2025-06-11,314,082270,1|Breakout,TP15+SL6+HOLD15,젬백스
4153315.525113722,315.33155251137214,-28.03244488522004,4,True,2025-06-11,314,082270,1|Boll_breakout,SL10+<SMA20,젬백스
3376921.8835635283,237.69218835635283,-26.284551959969903,5,True,2025-06-11,314,000155,1|MA_cross,SL10+<SMA20,두산우
3317322.1189791337,231.73221189791334,-28.984297386680645,10,True,2025-06-11,314,000155,1|Momentum,TR12,두산우
3314165.770626157,231.41657706261572,-28.984297386680662,10,True,2025-06-11,314,000155,1|Momentum,TR12,두산우
3244348.016921931,224.4348016921931,-19.697617396049914,4,True,2025-06-11,314,000155,1|MA_cross,SL10+<SMA20,두산우
4327002.434691701,332.70024346917006,-25.604730769230784,5,True,2025-06-12,315,124500,1|MACD_gc,SL10+<SMA20,아이티센글로벌
3897052.667513672,289.70526675136716,-17.669951443621486,9,True,2025-06-12,315,082270,1|Breakout,SL10+TR8,젬백스
3736755.135327823,273.6755135327823,-28.032444885220052,4,True,2025-06-12,315,082270,1|Breakout,SL10+<SMA20,젬백스
3736755.135327823,273.6755135327823,-28.032444885220052,4,True,2025-06-12,315,082270,1|Boll_breakout,SL10+<SMA20,젬백스
3108205.6285179043,210.82056285179044,-45.45446374144334,11,True,2025-06-12,315,124500,1|Momentum,TP20+SL8,아이티센글로벌
3108205.6285179043,210.82056285179044,-45.45446374144334,11,True,2025-06-12,315,124500,1|Momentum,TP20+SL8,아이티센글로벌
3778339.528615316,277.8339528615316,-6.722972779369621,9,True,2025-06-13,316,082270,2|Breakout&Momentum,TP15+SL6+HOLD15,젬백스
3768507.467287502,276.85074672875015,-19.156546870503643,6,True,2025-06-13,316,123330,1|Breakout,TR12,제닉
3451480.621991072,245.14806219910716,-23.45613289380776,6,True,2025-06-13,316,083650,1|MACD_gc,SL10+<SMA20,비에이치아이
4995370.320341372,399.53703203413716,-12.408759124087593,9,True,2025-06-16,319,124500,1|Breakout,TP20+SL8,아이티센글로벌
4896490.377711072,389.64903777110715,-12.408759124087592,6,True,2025-06-16,319,124500,2|Breakout&Momentum,TP20+SL8,아이티센글로벌
4299251.727636503,329.9251727636503,-24.454884490429205,14,True,2025-06-16,319,119850,1|Momentum,TP20+SL8,지엔씨에너지
4253355.06225885,325.33550622588496,-17.14212954414128,14,True,2025-06-16,319,419530,1|Momentum,SL10+TR8,SAMG엔터
4205274.47741902,320.527447741902,-14.218749999999996,8,True,2025-06-16,319,419530,1|Momentum,TP20+SL8,SAMG엔터
4126605.141994404,312.66051419944046,-25.604730769230777,5,True,2025-06-16,319,124500,1|MA_cross,SL10+<SMA20,아이티센글로벌
4092258.7697733236,309.22587697733235,-24.615528720727486,13,True,2025-06-16,319,119850,1|Momentum,TR12,지엔씨에너지
4030691.274231357,303.0691274231357,-25.604730769230766,2,True,2025-06-16,319,124500,1|MA_cross,SL10+<SMA20,아이티센글로벌
3976760.0656820694,297.6760065682069,-26.292334318761828,33,True,2025-06-16,319,119850,1|Momentum,SL10+TR8,지엔씨에너지
3960854.5210422007,296.08545210422005,-25.144553846153844,6,True,2025-06-16,319,124500,2|Breakout&Momentum,TP30+SL10,아이티센글로벌
3932808.8259817027,293.28088259817025,-31.71754509702985,4,True,2025-06-16,319,419530,1|Breakout,SL10+<SMA20,SAMG엔터
3899751.7087866766,289.97517087866765,-16.807325949367097,6,True,2025-06-16,319,419530,1|Momentum,TP30+SL10,SAMG엔터
3884434.4746218952,288.4434474621895,-16.807325949367076,4,True,2025-06-16,319,419530,1|MA_cross,SL10+<SMA20,SAMG엔터
3708910.536365401,270.8910536365401,-25.284680830233448,3,True,2025-06-16,319,083650,1|Breakout,SL10+<SMA20,비에이치아이
3556874.4564190106,255.68744564190106,-24.841369815673414,17,True,2025-06-16,319,419530,1|Momentum,SL10+TR8,SAMG엔터
3326495.548997616,232.64955489976157,-35.528601991402454,6,True,2025-06-16,319,124500,1|Momentum,SL10+<SMA20,아이티센글로벌
3326495.548997616,232.64955489976157,-35.528601991402454,6,True,2025-06-16,319,124500,1|Momentum,SL10+<SMA20,아이티센글로벌
3029328.3606596645,202.93283606596643,-45.2301559242058,8,True,2025-06-16,319,124500,1|Momentum,TP30+SL10,아이티센글로벌
3029328.3606596645,202.93283606596643,-45.2301559242058,8,True,2025-06-16,319,124500,1|Momentum,TP30+SL10,아이티센글로벌
3003111.1673829975,200.31111673829975,-39.93930396418926,18,True,2025-06-16,319,124500,1|Momentum,TP15+SL6+HOLD15,아이티센글로벌
3003111.1673829975,200.31111673829975,-39.93930396418926,18,True,2025-06-16,319,124500,1|Momentum,TP15+SL6+HOLD15,아이티센글로벌
3992724.6023649764,299.27246023649764,-24.615528720727493,19,True,2025-06-17,320,119850,1|Momentum,TP15+SL6+HOLD15,지엔씨에너지
3334126.6941113193,233.41266941113196,-22.59825327510917,4,True,2025-06-17,320,083650,2|Breakout&Boll_breakout,TP30+SL10,비에이치아이
2314900.5672184904,131.49005672184904,-51.7834000978339,13,True,2025-06-17,320,124500,1|Momentum,TR12,아이티센글로벌
2221822.979792603,122.1822979792603,-54.28835727219267,23,True,2025-06-17,320,124500,1|Momentum,SL10+<SMA20,아이티센글로벌
4112185.1388334674,311.21851388334676,-14.587039166190168,5,True,2025-06-18,321,124500,1|Breakout,TR12,아이티센글로벌
3859339.8950563394,285.933989505634,-24.45488449042916,11,True,2025-06-18,321,119850,1|Momentum,TP30+SL10,지엔씨에너지
3827793.0669648475,282.77930669648475,-24.454884490429187,13,True,2025-06-18,321,119850,1|Momentum,TP20+SL8,지엔씨에너지
3527752.657808921,252.77526578089206,-27.492404629745554,42,True,2025-06-18,321,119850,1|Momentum,SL10+<SMA20,지엔씨에너지
3394538.4006791823,239.4538400679182,-25.604730769230777,2,True,2025-06-18,321,124500,1|MA_cross,SL10+<SMA20,아이티센글로벌
3348110.694889591,234.81106948895908,-36.90442552877164,7,True,2025-06-18,321,124500,1|Breakout,TP30+SL10,아이티센글로벌
3020294.484027657,202.02944840276572,-35.79264215448099,15,True,2025-06-18,321,124500,1|Momentum,SL10+TR8,아이티센글로벌
3020294.484027657,202.02944840276572,-35.79264215448099,15,True,2025-06-18,321,124500,1|Momentum,SL10+TR8,아이티센글로벌
2955046.6014748863,195.5046601474886,-35.52860199140246,10,True,2025-06-18,321,124500,1|Momentum,TR12,아이티센글로벌
2955046.6014748863,195.5046601474886,-35.52860199140246,10,True,2025-06-18,321,124500,1|Momentum,TR12,아이티센글로벌
2725185.081507448,172.51850815074482,-39.93930396418925,16,True,2025-06-18,321,124500,1|Momentum,TP15+SL6+HOLD15,아이티센글로벌
2725185.081507448,172.51850815074482,-39.93930396418925,16,True,2025-06-18,321,124500,1|Momentum,TP15+SL6+HOLD15,아이티센글로벌
2243557.188710575,124.35571887105752,-51.18610664154022,17,True,2025-06-18,321,124500,1|Momentum,TP15+SL6+HOLD15,아이티센글로벌
2240134.175399843,124.01341753998429,-52.56843798370872,21,True,2025-06-18,321,124500,1|Momentum,SL10+TR8,아이티센글로벌
3844100.1316739623,284.41001316739624,-11.79942307692308,3,True,2025-06-19,322,124500,2|Breakout&Momentum,TR12,아이티센글로벌
3245091.573648684,224.5091573648684,-25.604730769230777,2,True,2025-06-19,322,124500,2|Breakout&Momentum,SL10+<SMA20,아이티센글로벌
3245091.573648684,224.5091573648684,-25.604730769230777,2,True,2025-06-19,322,124500,2|Boll_breakout&Momentum,SL10+<SMA20,아이티센글로벌
3106025.8042844236,210.60258042844237,-26.01315189492314,5,True,2025-06-19,322,083650,1|MA_cross,SL10+<SMA20,비에이치아이
2164115.30431249,116.411530431249,-50.98536908130799,12,True,2025-06-19,322,124500,1|Momentum,TP20+SL8,아이티센글로벌
2121966.0722939214,112.19660722939216,-50.98536908130802,13,True,2025-06-19,322,124500,1|Momentum,TP20+SL8,아이티센글로벌
3896777.78369955,289.67777836995504,-31.128903244418026,12,True,2025-06-20,323,419530,1|Breakout,TP20+SL8,SAMG엔터
3614183.1954150666,261.41831954150666,-37.24960658610207,6,True,2025-06-20,323,419530,1|MA_cross,SL10+<SMA20,SAMG엔터
3592757.449505031,259.2757449505031,-19.537186762216194,14,True,2025-06-20,323,419530,1|Breakout,TP15+SL6+HOLD15,SAMG엔터
3558461.188002754,255.8461188002754,-18.552453058258855,11,True,2025-06-20,323,419530,1|Breakout,TP15+SL6+HOLD15,SAMG엔터
3521341.01807775,252.134101807775,-15.714092555551343,3,True,2025-06-23,326,034020,1|MA_cross,TR12,두산에너빌리티
3223196.7340419367,222.31967340419368,-25.60473076923077,4,True,2025-06-23,326,124500,1|Breakout,SL10+<SMA20,아이티센글로벌
3223196.7340419367,222.31967340419368,-25.60473076923077,4,True,2025-06-23,326,124500,1|Boll_breakout,SL10+<SMA20,아이티센글로벌
3223196.7340419367,222.31967340419368,-25.60473076923077,4,True,2025-06-23,326,124500,2|Breakout&Boll_breakout,SL10+<SMA20,아이티센글로벌
2113642.485179861,111.36424851798611,-50.581414084653545,9,True,2025-06-23,326,124500,1|Momentum,TP30+SL10,아이티센글로벌
2066010.813598836,106.60108135988362,-51.78340009783389,15,True,2025-06-23,326,124500,1|Momentum,TR12,아이티센글로벌
2692596.126693556,169.25961266935562,-35.52860199140242,7,True,2025-06-24,327,124500,1|Momentum,SL10+<SMA20,아이티센글로벌
2692596.126693556,169.25961266935562,-35.52860199140242,7,True,2025-06-24,327,124500,1|Momentum,SL10+<SMA20,아이티센글로벌
2670586.43865405,167.058643865405,-35.52860199140241,9,True,2025-06-24,327,124500,1|Momentum,TR12,아이티센글로벌
2670586.43865405,167.058643865405,-35.52860199140241,9,True,2025-06-24,327,124500,1|Momentum,TR12,아이티센글로벌
2616346.1133951424,161.6346113395142,-35.79264215448097,14,True,2025-06-24,327,124500,1|Momentum,SL10+TR8,아이티센글로벌
2616346.1133951424,161.6346113395142,-35.79264215448097,14,True,2025-06-24,327,124500,1|Momentum,SL10+TR8,아이티센글로벌
2074543.8013287478,107.45438013287476,-50.58141408465355,10,True,2025-06-24,327,124500,1|Momentum,TP30+SL10,아이티센글로벌
2009615.8703054618,100.96158703054616,-51.18610664154022,20,True,2025-06-24,327,124500,1|Momentum,TP15+SL6+HOLD15,아이티센글로벌
2003360.3982785395,100.33603982785397,-51.36141756609953,35,True,2025-06-24,327,124500,1|Momentum,SL10+<SMA20,아이티센글로벌
1995643.0779432287,99.56430779432286,-52.568437983708705,24,True,2025-06-24,327,124500,1|Momentum,SL10+TR8,아이티센글로벌
1859733.378675362,85.9733378675362,-54.28835727219269,30,True,2025-06-24,327,124500,1|Momentum,SL10+<SMA20,아이티센글로벌
3453585.361351542,245.35853613515422,-18.552453058258838,11,True,2025-06-25,328,419530,1|Breakout,TP15+SL6+HOLD15,SAMG엔터
3453585.361351542,245.35853613515422,-18.552453058258838,11,True,2025-06-25,328,419530,2|Breakout&Momentum,TP15+SL6+HOLD15,SAMG엔터
3333292.74802604,233.329274802604,-16.807325949367087,5,True,2025-06-25,328,419530,2|Boll_breakout&Momentum,TP30+SL10,SAMG엔터
3757865.6847297857,275.78656847297856,-34.76607829942983,5,True,2025-06-30,333,093240,1|MACD_gc,SL10+<SMA20,형지엘리트
3540666.044406954,254.0666044406954,-26.292334318761824,32,True,2025-07-15,348,119850,1|Momentum,SL10+TR8,지엔씨에너지
4457692.549281309,345.7692549281309,-13.953847920079914,3,True,2025-07-18,351,226950,1|MACD_gc,TR12,올릭스
4123695.728029797,312.3695728029797,-16.509513721815274,6,True,2025-07-23,356,226950,1|MA_cross,TR12,올릭스
