combo,exit,IS_med,OOS_med,IS_mean,OOS_mean,OOS_winrate,avg_trades,n
MA_cross|fast=10/slow=120,TP20+SL8,0.0,0.0,2.0903862667981166,6.2886082522386255,49.72826086956522,1.627717391304348,368
MA_cross|fast=10/slow=120,TP30+SL10,0.0,0.09359340256518411,3.0401818465603636,8.094717827360531,50.0,1.4103260869565217,368
MA_cross|fast=5/slow=120,SL10+<SMA20,0.0,0.0,1.92156887393784,6.586977496036606,42.391304347826086,2.516304347826087,368
MA_cross|fast=5/slow=120,TP15+SL6+HOLD15,0.0,0.0,0.7122721222487138,3.216616198550293,48.641304347826086,2.448369565217391,368
MA_cross|fast=5/slow=120,TP20+SL8,0.0,6.258218126943493,2.0938797192213254,6.933297116302417,55.97826086956522,1.9646739130434783,368
MA_cross|fast=5/slow=120,TP30+SL10,0.0,4.900834491933237,3.333445812681246,9.29287001760506,54.61956521739131,1.638586956521739,368
MA_cross|fast=5/slow=120,TR12,0.0,0.672555250866802,2.0892079287878396,9.78759246425145,51.902173913043484,2.0706521739130435,368
MA_cross|fast=5/slow=120,SL10+TR8,0.0,0.0,1.4525179182015124,6.757393756139929,49.45652173913043,2.3831521739130435,368
MA_cross|fast=10/slow=120,TR12,0.0,0.0,1.9912880723863546,7.30883445332422,44.565217391304344,1.6766304347826086,368
MA_cross|fast=10/slow=120,SL10+TR8,0.0,0.0,1.556269705746094,5.702074656206468,42.391304347826086,1.8668478260869565,368
MA_cross|fast=10/slow=120,SL10+<SMA20,0.0,0.0,1.4737129754487155,5.90371747370837,40.48913043478261,1.9429347826086956,368
MA_cross|fast=10/slow=120,TP15+SL6+HOLD15,0.0,0.0,1.4688405182412323,2.56502062479671,42.66304347826087,1.9266304347826086,368
RSI_dip|rsi_n=14/rsi_buy=30/trend=120,SL10+<SMA20,0.0,0.0,-0.5185292685478959,-1.0320901627664747,25.543478260869566,5.25,368
RSI_dip|rsi_n=14/rsi_buy=30/trend=120,TP15+SL6+HOLD15,0.0,0.0,0.26791243043746693,0.11317785081894627,26.358695652173914,1.638586956521739,368
RSI_dip|rsi_n=14/rsi_buy=35/trend=60,TP20+SL8,0.0,-0.11488511488511044,-0.36240238914322376,0.5862888443650238,29.6195652173913,1.8940217391304348,368
RSI_dip|rsi_n=14/rsi_buy=35/trend=60,TP30+SL10,0.0,-0.11488511488511044,-0.5139042770824109,2.3729930496660945,30.978260869565215,1.608695652173913,368
RSI_dip|rsi_n=14/rsi_buy=35/trend=60,TR12,0.0,-2.900497052797435,-0.3087430691443238,1.293089770689626,24.728260869565215,2.0842391304347827,368
RSI_dip|rsi_n=14/rsi_buy=35/trend=60,SL10+TR8,0.0,-0.1199435824889239,-0.4548039088007161,1.292978366063835,27.717391304347828,2.75,368
RSI_dip|rsi_n=14/rsi_buy=35/trend=60,SL10+<SMA20,0.0,-0.11613940138270884,-0.8008490142521141,-1.2278032667943584,26.358695652173914,7.293478260869565,368
RSI_dip|rsi_n=14/rsi_buy=35/trend=60,TP15+SL6+HOLD15,0.0,0.0,-0.45034942296919844,0.8000137870593393,32.065217391304344,2.3043478260869565,368
RSI_dip|rsi_n=14/rsi_buy=35/trend=120,TP20+SL8,0.0,-0.11488511488508824,1.0756236521820561,2.390286113790685,29.891304347826086,1.9266304347826086,368
RSI_dip|rsi_n=14/rsi_buy=35/trend=120,TP30+SL10,0.0,-0.10758250205193942,1.0092487107558723,4.881702602373639,30.978260869565215,1.516304347826087,368
RSI_dip|rsi_n=14/rsi_buy=35/trend=120,TR12,0.0,-0.5067668534685654,0.9007003022153626,4.613327686840307,27.445652173913043,2.233695652173913,368
RSI_dip|rsi_n=14/rsi_buy=30/trend=60,TP15+SL6+HOLD15,0.0,0.0,-0.14197383082253934,-0.4421353271374828,23.097826086956523,1.3478260869565217,368
Breakout|look=60,SL10+TR8,0.0,0.0,0.5778944127586838,4.878991812938982,44.02173913043478,3.739130434782609,368
Breakout|look=60,TR12,0.0,0.0,0.3880094992904093,6.798620061238547,45.92391304347826,2.8097826086956523,368
Breakout|look=60,TP30+SL10,0.0,0.0,-0.05297697998858375,8.804405139524786,42.66304347826087,2.703804347826087,368
Breakout|look=60,TP20+SL8,0.0,0.0,0.9549662567223338,6.823138825183883,42.66304347826087,3.5,368
RSI_dip|rsi_n=14/rsi_buy=30/trend=60,TR12,0.0,0.0,-0.27871851699690087,-0.4163533885823578,18.75,1.1983695652173914,368
RSI_dip|rsi_n=14/rsi_buy=30/trend=60,TP30+SL10,0.0,0.0,-0.2695409516725866,0.8725775935046087,22.282608695652172,0.9945652173913043,368
RSI_dip|rsi_n=14/rsi_buy=30/trend=60,TP20+SL8,0.0,0.0,-0.3684308304119699,-0.6105680191807683,20.380434782608695,1.1358695652173914,368
Breakout|look=60,TP15+SL6+HOLD15,0.0,0.0,0.8794931307935405,4.615012941865015,41.84782608695652,4.551630434782608,368
RSI_dip|rsi_n=14/rsi_buy=30/trend=60,SL10+<SMA20,0.0,0.0,-0.30443812059524067,-0.7979235568048582,22.554347826086957,3.755434782608696,368
RSI_dip|rsi_n=14/rsi_buy=30/trend=60,SL10+TR8,0.0,0.0,-0.15653848721466357,-0.17328611663972593,20.92391304347826,1.5353260869565217,368
MA_cross|fast=20/slow=120,TP15+SL6+HOLD15,0.0,0.0,0.00048783840915778143,2.983446809486101,42.934782608695656,1.516304347826087,368
MA_cross|fast=20/slow=120,SL10+<SMA20,0.0,0.0,-0.1607240352141548,4.35765116299458,36.41304347826087,1.5217391304347827,368
MA_cross|fast=20/slow=120,TR12,0.0,0.0,-0.26765722587963614,5.830861456798919,43.20652173913043,1.358695652173913,368
MA_cross|fast=20/slow=120,SL10+TR8,0.0,0.0,0.22489570523203106,4.436991021052306,38.315217391304344,1.4782608695652173,368
MA_cross|fast=20/slow=120,TP20+SL8,0.0,0.0,0.025444201689972523,5.348875376369366,44.29347826086957,1.3179347826086956,368
MA_cross|fast=20/slow=120,TP30+SL10,0.0,0.0,0.27492408331597495,6.828112439121292,43.75,1.1793478260869565,368
Momentum|mom_n=20/mom_th=0.2/trend=120,TP30+SL10,0.0,0.0,1.0328170904684963,10.1095695313552,45.380434782608695,2.9375,368
Momentum|mom_n=60/mom_th=0.2/trend=60,TR12,0.0,-2.7070364711900385,-0.5228157125524824,4.780667539535299,36.141304347826086,7.486413043478261,368
Momentum|mom_n=60/mom_th=0.2/trend=60,TP20+SL8,0.0,-3.472093574248436,0.030614624580560523,5.317675373791397,35.59782608695652,6.619565217391305,368
Momentum|mom_n=60/mom_th=0.2/trend=120,TR12,0.0,-1.672303641885442,1.4974064868735537,5.6020532432832,38.04347826086957,5.948369565217392,368
Momentum|mom_n=60/mom_th=0.2/trend=120,TP30+SL10,0.0,-1.488579476792462,2.5799022013650363,8.034162404027988,39.130434782608695,3.421195652173913,368
Momentum|mom_n=60/mom_th=0.2/trend=120,TP20+SL8,0.0,-1.7533897254793596,2.0661202633045495,5.8263951115935075,38.04347826086957,5.388586956521739,368
Momentum|mom_n=60/mom_th=0.1/trend=120,TP30+SL10,0.0,0.0,2.4278321589999985,12.161008935720918,47.82608695652174,4.168478260869565,368
Momentum|mom_n=60/mom_th=0.1/trend=120,TP20+SL8,0.0,-2.1846184330924556,1.410252609350282,10.182460953760364,43.75,6.480978260869565,368
Momentum|mom_n=20/mom_th=0.2/trend=60,SL10+<SMA20,0.0,0.0,0.46978050077892686,7.772100327817122,44.565217391304344,4.782608695652174,368
Momentum|mom_n=20/mom_th=0.2/trend=120,TP20+SL8,0.0,0.0,0.8285322373349224,8.961641922764297,42.934782608695656,4.179347826086956,368
Momentum|mom_n=20/mom_th=0.2/trend=60,TP15+SL6+HOLD15,0.0,0.0,0.02125461563378117,6.389640303398325,43.75,7.633152173913044,368
Momentum|mom_n=20/mom_th=0.2/trend=120,TR12,0.0,0.0,0.9279094611486016,8.288902278597732,44.02173913043478,4.25,368
RSI_dip|rsi_n=14/rsi_buy=40/trend=120,SL10+<SMA20,0.0,-2.82442411318381,-1.4517494070890091,-1.5034382889725584,26.358695652173914,15.081521739130435,368
RSI_dip|rsi_n=14/rsi_buy=40/trend=120,TP15+SL6+HOLD15,0.0,0.0,0.3212464090802225,1.7389442004908107,36.141304347826086,3.660326086956522,368
RSI_dip|rsi_n=14/rsi_buy=35/trend=120,SL10+TR8,0.0,-0.11488511488509934,0.36160242896752237,3.1049556405442047,29.076086956521742,3.160326086956522,368
Momentum|mom_n=60/mom_th=0.2/trend=60,TP30+SL10,0.0,-2.0487927932373307,0.37545382308221686,7.251742547661166,38.04347826086957,4.342391304347826,368
Momentum|mom_n=60/mom_th=0.2/trend=120,SL10+<SMA20,0.0,-3.723785252269074,0.8723704566603097,0.9846058366207888,32.608695652173914,17.76086956521739,368
Momentum|mom_n=60/mom_th=0.2/trend=120,SL10+TR8,0.0,-2.7649253428812193,1.0762784103332868,2.9583236446841576,35.59782608695652,11.516304347826088,368
Momentum|mom_n=60/mom_th=0.2/trend=120,TP15+SL6+HOLD15,0.0,-2.7257779208857413,1.7488879167773863,3.6678484807292744,35.869565217391305,8.744565217391305,368
Momentum|mom_n=60/mom_th=0.2/trend=60,SL10+<SMA20,0.0,-3.853871421692545,-0.39723635317884254,1.5569054042839703,31.793478260869566,20.005434782608695,368
Momentum|mom_n=60/mom_th=0.2/trend=60,TP15+SL6+HOLD15,0.0,-2.8587619926011554,-0.3115836471921596,3.6758692638463097,36.141304347826086,10.69836956521739,368
Momentum|mom_n=20/mom_th=0.2/trend=120,SL10+TR8,0.0,0.0,0.7289643206580321,6.475158326542707,39.40217391304348,7.266304347826087,368
Momentum|mom_n=20/mom_th=0.2/trend=120,SL10+<SMA20,0.0,0.0,1.411832094982346,7.498877854024921,42.391304347826086,3.5244565217391304,368
Momentum|mom_n=20/mom_th=0.2/trend=120,TP15+SL6+HOLD15,0.0,0.0,1.0416053458016217,5.948359142795123,41.57608695652174,5.796195652173913,368
Momentum|mom_n=20/mom_th=0.1/trend=120,TP20+SL8,0.0,0.6136027699005453,1.9726234289829891,12.351470168193313,51.63043478260869,5.703804347826087,368
Momentum|mom_n=20/mom_th=0.1/trend=120,TP30+SL10,0.0,3.699880478605677,1.8169031442224037,13.467712898397743,55.70652173913043,3.8206521739130435,368
Momentum|mom_n=20/mom_th=0.2/trend=60,TR12,0.0,0.0,-0.5872927326221133,8.28486596986233,45.65217391304348,5.831521739130435,368
Momentum|mom_n=20/mom_th=0.2/trend=60,SL10+TR8,0.0,0.0,-0.9295039097636071,6.588087067210613,41.03260869565217,9.861413043478262,368
RSI_dip|rsi_n=14/rsi_buy=30/trend=120,SL10+TR8,0.0,0.0,0.21086771902638635,1.7192465286189451,25.271739130434785,1.9130434782608696,368
RSI_dip|rsi_n=14/rsi_buy=30/trend=120,TR12,0.0,0.0,0.5484236865958447,2.763037364626797,23.369565217391305,1.4103260869565217,368
RSI_dip|rsi_n=14/rsi_buy=30/trend=120,TP30+SL10,0.0,0.0,0.874402861783663,2.6506363069242145,26.6304347826087,1.065217391304348,368
RSI_dip|rsi_n=14/rsi_buy=30/trend=120,TP20+SL8,0.0,0.0,0.31407248557173695,1.0668864825499114,26.6304347826087,1.298913043478261,368
RSI_dip|rsi_n=14/rsi_buy=35/trend=120,SL10+<SMA20,0.0,-0.1172574593289677,-1.0851877820121092,-1.8160799999379917,25.0,9.263586956521738,368
RSI_dip|rsi_n=14/rsi_buy=35/trend=120,TP15+SL6+HOLD15,0.0,0.0,0.2447540479265209,1.366993350761181,32.880434782608695,2.573369565217391,368
RSI_dip|rsi_n=14/rsi_buy=40/trend=60,TP20+SL8,0.0,-0.6378701864685365,-0.9892184787741232,2.266619001554382,38.58695652173913,2.8315217391304346,368
RSI_dip|rsi_n=14/rsi_buy=40/trend=60,TP30+SL10,0.0,-1.0147625400080962,-1.6348601375637317,3.665348798598589,38.858695652173914,2.2635869565217392,368
RSI_dip|rsi_n=14/rsi_buy=40/trend=60,TR12,0.0,-2.448266341134997,-1.6356825701950184,3.8804070171990057,34.51086956521739,3.198369565217391,368
RSI_dip|rsi_n=14/rsi_buy=40/trend=60,SL10+TR8,0.0,-1.3525374136491797,-1.8505663862567134,2.7584324936358984,36.684782608695656,4.543478260869565,368
RSI_dip|rsi_n=14/rsi_buy=40/trend=60,SL10+<SMA20,0.0,-1.626596142371417,-0.872941387149706,-1.0072308474617153,30.434782608695656,12.883152173913043,368
RSI_dip|rsi_n=14/rsi_buy=40/trend=60,TP15+SL6+HOLD15,0.0,0.0,-1.2243169559450262,2.030123511623816,41.30434782608695,3.7255434782608696,368
RSI_dip|rsi_n=14/rsi_buy=40/trend=120,TP20+SL8,0.0,0.0,1.192498380467799,3.043632913662364,35.59782608695652,2.5190217391304346,368
RSI_dip|rsi_n=14/rsi_buy=40/trend=120,TP30+SL10,0.0,0.0,1.620027270099511,5.645096772750557,36.41304347826087,1.875,368
RSI_dip|rsi_n=14/rsi_buy=40/trend=120,TR12,0.0,-1.2419953165185182,0.9538580024474941,5.57571851692964,31.793478260869566,3.108695652173913,368
RSI_dip|rsi_n=14/rsi_buy=40/trend=120,SL10+TR8,0.0,-0.11488511488509934,0.4047373424852285,3.66487556698345,34.51086956521739,4.657608695652174,368
Momentum|mom_n=20/mom_th=0.2/trend=60,TP20+SL8,0.0,0.0,-0.2814907765019248,9.468268788041945,44.29347826086957,5.567934782608695,368
Momentum|mom_n=20/mom_th=0.2/trend=60,TP30+SL10,0.0,0.0,0.16053035651040215,10.152444463599464,47.55434782608695,3.948369565217391,368
Boll_breakout|bb_n=20/bb_k=2.5,TP30+SL10,0.0,0.0,0.6924315234943856,9.241191675517024,49.184782608695656,3.1168478260869565,368
Boll_breakout|bb_n=20/bb_k=2.5,TP15+SL6+HOLD15,0.0,0.0,1.1087039098245377,3.677963675636464,45.108695652173914,4.445652173913044,368
Breakout|look=40,TP30+SL10,-0.015415507777227777,1.1116371481045162,0.755645727303933,11.850249385457023,52.9891304347826,3.4782608695652173,368
Momentum|mom_n=60/mom_th=0.1/trend=120,TR12,-0.02039605632583319,-0.731117693197203,0.7952949811300458,10.192022873749984,44.02173913043478,7.209239130434782,368
Boll_breakout|bb_n=20/bb_k=2.5,SL10+TR8,-0.04653590519501094,0.0,0.5953194290305497,5.873671772679012,47.01086956521739,4.105978260869565,368
Momentum|mom_n=60/mom_th=0.2/trend=60,SL10+TR8,-0.05744255744255522,-3.2164839781964494,-0.8371906402151574,2.8960589747682786,33.15217391304348,14.255434782608695,368
Boll_breakout|bb_n=20/bb_k=2.5,TP20+SL8,-0.0657674163486277,0.0,0.7436496630973011,6.708177052133069,47.82608695652174,3.744565217391304,368
MA_cross|fast=20/slow=60,TP15+SL6+HOLD15,-0.11488511488509934,2.8465918315218275,0.23656319634348666,5.704746382345549,57.608695652173914,2.6902173913043477,368
MA_cross|fast=10/slow=60,TP15+SL6+HOLD15,-0.22331313832650856,2.648055447841635,0.056209366224213575,5.188381735822056,55.97826086956522,3.282608695652174,368
Breakout|look=60,SL10+<SMA20,-0.24473706015826213,0.0,-0.42427649471064033,6.18607607186874,41.57608695652174,2.907608695652174,368
Momentum|mom_n=20/mom_th=0.1/trend=120,TR12,-0.33165080595134455,2.181538612569156,1.6270888375650605,11.78515709503889,53.53260869565217,5.885869565217392,368
Momentum|mom_n=20/mom_th=0.1/trend=120,SL10+TR8,-0.5996117932542622,0.6337913376144533,0.5044023198230052,9.82262289156257,51.08695652173913,10.766304347826088,368
Momentum|mom_n=20/mom_th=0.1/trend=120,TP15+SL6+HOLD15,-0.6329998907610879,0.0,1.0694702064317996,10.217579910602614,49.45652173913043,9.008152173913043,368
Momentum|mom_n=60/mom_th=0.1/trend=120,TP15+SL6+HOLD15,-0.7748865527595239,-2.6411898931594013,0.621549092974627,6.9414490973353615,40.21739130434783,11.160326086956522,368
Breakout|look=40,TP20+SL8,-0.809796164092047,1.0666052083143418,0.663013516050559,9.972078057729728,52.44565217391305,4.5896739130434785,368
Momentum|mom_n=20/mom_th=0.1/trend=120,SL10+<SMA20,-0.8157759567432699,0.8712222524726476,1.2826290071284552,9.75701692139619,51.08695652173913,7.130434782608695,368
MA_cross|fast=5/slow=60,TP20+SL8,-0.8735830742103268,10.034669804190699,0.13163189180944723,10.152881502655653,65.76086956521739,3.3342391304347827,368
MA_cross|fast=5/slow=60,TP15+SL6+HOLD15,-0.8844927380565748,3.2656978306739415,-0.8235678862779205,4.8199933271955375,58.69565217391305,4.184782608695652,368
MACD_gc|def,TP30+SL10,-1.3369389855141134,15.255207246193315,-0.31130629685602873,15.286402291870083,71.73913043478261,4.809782608695652,368
Breakout|look=40,SL10+TR8,-1.354001140512251,2.0445708613525237,0.8145200213297787,7.376111346310998,54.61956521739131,4.866847826086956,368
Momentum|mom_n=60/mom_th=0.1/trend=120,SL10+TR8,-1.4233407119777164,-3.2929465892415744,0.32938663586639105,7.2704640432623036,41.30434782608695,14.222826086956522,368
Boll_breakout|bb_n=20/bb_k=2.5,TR12,-1.8277265138588517,0.0,-0.05339408614871699,8.746531499532683,47.82608695652174,3.4809782608695654,368
MA_cross|fast=20/slow=60,SL10+TR8,-1.8444855813232075,1.4845888471753277,-1.1947400810343067,8.373809891752714,54.891304347826086,2.6467391304347827,368
MA_cross|fast=20/slow=60,SL10+<SMA20,-1.865369386749527,0.0,-0.21810405950692946,7.845175600856558,44.83695652173913,2.7010869565217392,368
MA_cross|fast=10/slow=20,TP20+SL8,-2.0551527674851133,5.901635245402437,-0.9754242874640218,8.122031019739516,61.684782608695656,6.165760869565218,368
MA_cross|fast=10/slow=60,TP20+SL8,-2.1660221842143113,9.49978011314727,0.03457141706426636,9.795241715926096,61.41304347826087,2.760869565217391,368
MA_cross|fast=10/slow=60,SL10+TR8,-2.353912169243455,2.1087837751747607,0.23150397219018348,9.011391000055902,55.434782608695656,3.203804347826087,368
MA_cross|fast=10/slow=60,TP30+SL10,-2.3659393175476495,10.963134880794012,0.6577805427259609,10.971957404237154,61.141304347826086,2.380434782608696,368
Momentum|mom_n=60/mom_th=0.1/trend=60,TP30+SL10,-2.61625097857463,0.0,0.046144470814213356,11.39300004785091,48.91304347826087,5.195652173913044,368
Boll_breakout|bb_n=20/bb_k=2.5,SL10+<SMA20,-2.6475642355124895,0.0,0.5725582858654876,6.845014094404056,46.46739130434783,3.7119565217391304,368
MA_cross|fast=5/slow=60,TP30+SL10,-2.6796877722822465,13.821143462823017,0.9021742476214678,12.642162396809153,64.40217391304348,2.7880434782608696,368
MA_cross|fast=20/slow=60,TP30+SL10,-2.755514483696264,9.840764331210195,0.8610877303922182,10.853959853600138,59.78260869565217,2.0706521739130435,368
Boll_breakout|bb_n=20/bb_k=2.0,SL10+TR8,-2.8623482862007665,2.0393652994541434,0.5124306938335987,8.725021519583564,53.53260869565217,6.755434782608695,368
Breakout|look=40,SL10+<SMA20,-2.9341593298869206,0.0,-0.12020422095737615,9.048802681884172,47.55434782608695,3.7907608695652173,368
MA_cross|fast=5/slow=20,TP30+SL10,-2.9539548550769457,12.010466245702101,-0.6091900126680261,15.065131248772467,70.1086956521739,5.190217391304348,368
MA_cross|fast=5/slow=20,TP20+SL8,-2.9885804282410278,7.5655204462426795,-0.8987214670059918,10.845348985707993,64.94565217391305,6.475543478260869,368
MA_cross|fast=10/slow=60,TR12,-3.1323665568239067,4.152927698613662,0.2540667948828679,11.426667440932349,56.25,2.8967391304347827,368
Breakout|look=40,TR12,-3.218358694004664,2.200821340624115,0.5667146768918441,9.862408972400694,55.16304347826087,3.635869565217391,368
Momentum|mom_n=60/mom_th=0.1/trend=120,SL10+<SMA20,-3.3361241757863036,-4.8838612821929805,-1.1822950499421503,3.1920171414768994,33.42391304347826,25.22826086956522,368
Breakout|look=40,TP15+SL6+HOLD15,-3.3418986825388464,0.0,0.5208978349928506,7.039660498696376,48.641304347826086,6.019021739130435,368
MACD_gc|def,TP20+SL8,-3.4094470329336213,10.501267117121627,-1.6049515405579307,11.546437432767487,70.65217391304348,5.834239130434782,368
MA_cross|fast=10/slow=60,SL10+<SMA20,-3.417894038774927,0.0,1.7639015915947631,9.47813933191497,47.55434782608695,3.3369565217391304,368
MA_cross|fast=20/slow=60,TR12,-3.6025786667243986,3.5017725905128305,-1.2537089694220516,10.834427325270068,57.33695652173913,2.4239130434782608,368
MA_cross|fast=5/slow=60,SL10+TR8,-3.6091835010598317,2.5519830938910637,-0.8809743782203783,9.283070808908555,58.42391304347826,4.100543478260869,368
Momentum|mom_n=60/mom_th=0.1/trend=60,TP20+SL8,-3.776992993929773,-1.6948330559119817,-0.9298236323568299,9.546535619235774,45.380434782608695,7.953804347826087,368
Boll_breakout|bb_n=20/bb_k=2.0,TP15+SL6+HOLD15,-4.0908217621972724,1.7464029933122127,-0.0799990041816967,5.251726410922397,52.17391304347826,7.529891304347826,368
MA_cross|fast=20/slow=60,TP20+SL8,-4.125680317847191,9.21217857411969,-0.7520788677331192,9.171829280690712,61.95652173913043,2.347826086956522,368
MACD_gc|def,SL10+<SMA20,-4.182129679208746,-0.988477789925557,0.11848439340718109,6.35388026144923,38.858695652173914,8.445652173913043,368
MACD_gc|def,TP15+SL6+HOLD15,-4.4020703301549835,5.076988373843405,-2.3869772082000695,5.438140213353804,63.858695652173914,7.796195652173913,368
Boll_breakout|bb_n=20/bb_k=2.0,TR12,-4.440071531004297,5.9398776837662925,0.8398772436750468,12.859183945081721,58.96739130434783,5.184782608695652,368
MA_cross|fast=5/slow=60,SL10+<SMA20,-4.5158922274272095,0.3879653708566799,1.0724068065762316,9.788369128536822,50.54347826086957,4.380434782608695,368
Momentum|mom_n=60/mom_th=0.1/trend=60,TP15+SL6+HOLD15,-4.7378765052730865,-2.6411898931594124,-1.572517043011723,6.943914395275463,42.66304347826087,13.576086956521738,368
Momentum|mom_n=20/mom_th=0.1/trend=60,SL10+<SMA20,-4.769474983943112,0.5879569630008241,0.023929197740679697,10.05538576686018,50.27173913043478,9.964673913043478,368
Boll_breakout|bb_n=20/bb_k=2.0,TP20+SL8,-4.793120365298464,4.577944727942751,0.8526922670139436,9.923895314317054,56.79347826086957,5.709239130434782,368
Breakout|look=20,SL10+TR8,-4.813713740937131,2.2705590376353335,0.5340068671546572,9.150923306219827,54.347826086956516,6.967391304347826,368
MA_cross|fast=5/slow=20,TP15+SL6+HOLD15,-4.925074689799458,2.4006598490674547,-2.364706790168436,4.3158756852152536,56.25,9.173913043478262,368
Momentum|mom_n=60/mom_th=0.1/trend=60,SL10+TR8,-4.93855498738569,-2.6148769242428815,-2.2242690575310142,6.624336032309386,43.20652173913043,17.372282608695652,368
MA_cross|fast=10/slow=20,TP30+SL10,-5.088281971185382,12.643343912313876,-1.7810366722448623,12.64410645139975,66.84782608695652,4.986413043478261,368
Momentum|mom_n=60/mom_th=0.1/trend=60,TR12,-5.204989771425961,-0.7038188384277833,-1.4163846952073733,9.14843595717505,45.65217391304348,8.97554347826087,368
Boll_breakout|bb_n=20/bb_k=2.0,TP30+SL10,-5.263195001809784,6.683611897133046,0.24161843124277382,13.437324193594868,60.86956521739131,4.334239130434782,368
Breakout|look=20,SL10+<SMA20,-5.6544357743957825,0.41013670730063456,0.28140820415516465,11.199235135003827,51.08695652173913,5.684782608695652,368
MA_cross|fast=5/slow=60,TR12,-5.7066542815616845,6.92760148124516,-0.1383579237983934,13.269020677281883,62.77173913043478,3.535326086956522,368
Breakout|look=20,TR12,-5.71878171634268,4.833800916450914,1.139049750400356,12.971271208834834,57.33695652173913,5.133152173913044,368
Breakout|look=20,TP15+SL6+HOLD15,-5.847749098049371,0.7980324708557252,0.8295533386684095,8.672137093581945,50.815217391304344,8.682065217391305,368
MACD_gc|def,SL10+TR8,-5.8621442073179875,5.701620407772978,-1.3734130490149044,11.459006461801536,61.684782608695656,7.557065217391305,368
Boll_breakout|bb_n=20/bb_k=2.0,SL10+<SMA20,-5.978272500630033,0.5583710513827889,0.9085032124309445,10.131996289958533,51.358695652173914,5.842391304347826,368
Momentum|mom_n=20/mom_th=0.1/trend=60,SL10+TR8,-6.046121615103528,0.5605305350719458,-1.5639397140929767,10.050597830193775,51.358695652173914,14.978260869565217,368
Momentum|mom_n=20/mom_th=0.1/trend=60,TP15+SL6+HOLD15,-6.077187293466258,0.08960731907516895,-1.0802153845791307,11.053493450143726,50.27173913043478,12.19836956521739,368
MA_cross|fast=10/slow=20,TP15+SL6+HOLD15,-6.216275436310692,0.7080022823421794,-4.070765931149789,2.783213429740772,51.358695652173914,8.42663043478261,368
Momentum|mom_n=20/mom_th=0.1/trend=60,TP20+SL8,-6.337359839709866,2.086210280620815,0.10000557066216498,13.450956950797455,54.347826086956516,7.809782608695652,368
Momentum|mom_n=60/mom_th=0.1/trend=60,SL10+<SMA20,-6.643350203232301,-4.020634887495511,-2.499270087008698,3.988973470140933,38.315217391304344,27.546195652173914,368
Momentum|mom_n=20/mom_th=0.1/trend=60,TR12,-6.675907071817622,2.2190986541006374,-1.0053567310762568,12.75912130000032,56.25,8.282608695652174,368
Breakout|look=20,TP30+SL10,-6.678814457574989,7.812384169626796,0.8681056786878472,16.309207279206994,59.5108695652174,4.774456521739131,368
Breakout|look=20,TP20+SL8,-6.768299829216106,5.930016466248977,1.2177875300154906,12.847158258935965,57.608695652173914,6.453804347826087,368
Momentum|mom_n=20/mom_th=0.1/trend=60,TP30+SL10,-7.179915735525988,7.35903288424804,-0.14510228103346012,14.913516481791733,59.5108695652174,5.241847826086956,368
MACD_gc|def,TR12,-7.190279454744641,10.561220270519955,-1.3736369953236127,17.10887501723033,66.03260869565217,6.418478260869565,368
MA_cross|fast=10/slow=20,TR12,-7.629639017263301,6.169810921518026,-1.837457795610098,14.868360282354299,60.32608695652174,6.644021739130435,368
MA_cross|fast=10/slow=20,SL10+TR8,-7.658448086550562,4.489617097365173,-3.021812204111407,10.01346398231744,58.69565217391305,8.029891304347826,368
MA_cross|fast=5/slow=20,TR12,-7.996520883241209,8.53257508343428,-0.587756591833577,17.547968682177384,62.5,7.146739130434782,368
MA_cross|fast=10/slow=20,SL10+<SMA20,-8.951616739561196,-1.4874601140095312,-2.6493913931451507,10.15444807012007,46.46739130434783,8.831521739130435,368
MA_cross|fast=5/slow=20,SL10+<SMA20,-9.081108961172625,2.8006405725871097,-0.3583054731402302,12.636762829070314,53.80434782608695,9.904891304347826,368
MA_cross|fast=5/slow=20,SL10+TR8,-9.096193404733445,6.684465474083812,-2.2917549857888075,12.253222675890507,60.597826086956516,8.771739130434783,368
